Name,Description,Date,Class
Tell Me About Yourself!,,null,,2021-11-01,,null
HW #1,,null,,2022-02-02,,null
HW #2,,null,,2022-02-25,,null
HW #3,,null,,2022-04-01,,null
Test #2,,null,,2022-03-03,,null
Test #3,,null,,2022-04-05,,null
Test #4,,null,,2022-04-25,,null
Lab #01,,null,,2022-01-29,,null
Lab #02,,null,,2022-02-05,,null
Lab #03,,null,,2022-02-12,,null
Lab #04,,null,,2022-02-26,,null
Lab #05,,null,,2022-03-05,,null
Lab #06,,null,,2022-03-12,,null
Lab #07,,null,,2022-03-26,,null
Lab #08,,null,,2022-04-02,,null
Lab #09,,null,,2022-04-09,,null
Lab #10,,null,,2022-04-16,,null
Lab Final,,null,,2022-04-23,,null
ERAU's end-of-semester feedback,,null,,2022-04-29,,null
Feedback for the week of Monday, 2/21/2022,,null,,2022-03-04,,null
Feedback for the week of Monday, 1/31/2022,,null,,2022-02-10,,null
Feedback for the week of Monday, 1/17/2022,,null,,2022-01-27,,null
Written homework 7 due Thursday, 4/29/2022 by class time,,null,,2022-04-28,,null
Chapter 9 - Probability and Counting,,null,,2022-05-03,,null
Chapter 8 - Relations,,null,,2022-04-30,,null
Written homework 6 due Tuesday, 4/19/2022, by class time,,null,,2022-04-19,,null
Chapter 6 - Set Theory,,null,,2022-04-18,,null
Written homework 5 due Tuesday, 3/29/2022, by class time,,null,,2022-03-29,,null
Chapter 5 - Mathematical Induction Part 1,,null,,2022-03-29,,null
Chapter 5 -Sequences, Summations, and Products,,null,,2022-03-28,,null
Chapter 4 - Number Theory and Methods of Proof II,,null,,2022-03-28,,null
Written homework 4 due Thursday, 3/3/2022,,null,,2022-03-04,,null
Written homework 3 due Tuesday, 3/1/2022,,null,,2022-03-02,,null
Chapter 4 - Number Theory and Methods of Proof I,,null,,2022-03-02,,null
Written homework 2 due Tuesday, 2/8/2022 by class time,,null,,2022-02-08,,null
Chapter 3 - Logic of Quantified Statements,,null,,2022-02-25,,null
Chapter 2 - Logic of Compound Statements,,null,,2022-02-18,,null
Chapter 1 Written Homework,,null,,2022-01-27,,null
Chapter 1 - Speaking Mathematically,,null,,2022-02-07,,null
Please introduce yourself,,null,,2022-01-15,,null
Getting Started with WebAssign - Mathematics,,null,,2022-01-19,,null
1.1: Variables,,null,,2022-01-19,,null
Exam 1,,null,,2022-02-17,,null
Exam 2,,null,,2022-03-31,,null
HW1,,null,,2021-09-21,,null
HW2,,null,,2021-09-28,,null
HW3,,null,,2021-10-05,,null
HW4,,null,,2021-10-12,,null
HW5,,null,,2021-10-19,,null
HW6,,null,,2021-11-02,,null
HW7,,null,,2021-11-09,,null
HW8,,null,,2021-11-16,,null
HW9,,null,,2021-11-30,,null
HW10,,null,,2021-12-07,,null
P0,,null,,2021-09-11,,null
P1,,null,,2021-09-18,,null
P2,,null,,2021-10-07,,null
P3.1,,null,,2021-10-21,,null
P3,,null,,2021-10-28,,null
P4,,null,,2021-11-06,,null
P5,,null,,2021-11-20,,null
P6,,null,,2021-12-04,,null
P7,,null,,2021-12-14,,null
Lab 1 Pre-Lab quiz,,null,,2021-09-12,,null
Lab 1 In-Lab,,null,,2021-09-12,,null
Lab 2 Pre-Lab Quiz,,null,,2021-09-19,,null
Lab 2 In-Lab,,null,,2021-09-19,,null
Lab 3 Pre-Lab Quiz,,null,,2021-09-26,,null
Lab 3 In-Lab,,null,,2021-09-26,,null
Lab 4 Pre-Lab Quiz,,null,,2021-10-03,,null
Lab 4 In-Lab,,null,,2021-10-03,,null
Lab 5 Pre-Lab,,null,,2021-10-10,,null
Lab 5 In-Lab,,null,,2021-10-10,,null
Lab 6 Pre-Lab,,null,,2021-10-21,,null
Lab 6 In-Lab ,,null,,2021-10-21,,null
Lab 7 Pre-Lab,,null,,2021-10-31,,null
Lab 7 In-Lab ,,null,,2021-10-31,,null
Lab 8 Pre-Lab,,null,,2021-11-07,,null
Lab 8 In-Lab,,null,,2021-11-07,,null
Lab 9 Pre-Lab,,null,,2021-11-14,,null
Lab 9 In-Lab,,null,,2021-11-14,,null
Lab 10 Pre-Lab,,null,,2021-11-21,,null
Lab 10 In-Lab,,null,,2021-11-21,,null
Lab 11 Extra Credit,,null,,2021-12-13,,null
EC1,,null,,2021-10-26,,null
Class Activity,,null,,2021-10-16,,null
OnlineEval,,null,,2021-12-11,,null
Assignment 2,,null,,2021-09-24,,null
Class Assignment,,null,,2021-10-29,,null
Final Project,,null,,2021-11-23,,null
Communication : Email example discussion,,null,,2021-09-24,,null
Logistics,,null,,2021-09-10,,null
Ethics Assessment,,null,,2021-09-24,,null
OHMs law...,,null,,2021-10-20,,null
Stage 2 discussions,,null,,2021-10-27,,null
The lost Outcomes,,null,,2021-12-13,,null
Importance of Forever Learning,,null,,2021-12-13,,null
1st Draft,,null,,2021-09-15,,null
2nd Draft,,null,,2021-10-01,,null
3rd and Final Resume submission,,null,,2021-12-13,,null
Meeting Minutes,,null,,2021-10-20,,null
\,,null,,2021-10-20,,null
Demo Video,,null,,2021-10-20,,null
Stage 1 Test Plan,,null,,2021-10-20,,null
Observations and Questions,,null,,2021-10-20,,null
Peer reviews,,null,,2021-10-20,,null
Meeting Minutes,,null,,2021-11-02,,null
IR test plan,,null,,2021-11-02,,null
Demo of IR test plan execution,,null,,2021-11-02,,null
Drag race demo video,,null,,2021-11-02,,null
Peer Reviews,,null,,2021-11-02,,null
Demo Video,,null,,2021-11-12,,null
Meeting Minutes ,,null,,2021-11-12,,null
Stage 3 peer review.....,,null,,2021-11-20,,null
Stage 2 - extra credit,,null,,2021-11-20,,null
Stage 3 - extra credit[1] \,,null,,2021-11-20,,null
Stage 3- extra credit [0] \,,null,,2021-11-20,,null
Stage 3 - extra credit[3]  \,,null,,2021-11-20,,null
Deliverables,,null,,2021-12-07,,null
Peer Reviews,,null,,2021-12-13,,null
Honors Submission,,null,,2021-12-13,,null
READ: Participatory Culture,,null,,2021-09-20,,null
Read: McGonigal,,null,,2021-10-04,,null
Scythe Discussion Questions,,null,,2021-10-28,,null
Digital Artifact,,null,,2021-11-15,,null
Scythe Creative Musings,,null,,2021-11-03,,null
Unit 2: Blog Posts,,null,,2021-12-10,,null
Readings: The Panoptican,,null,,2021-09-13,,null
Read: Ted Nelson, Computer Lib/Dream Machine,,null,,2021-09-06,,null
Reading: Plato, The Phaedrus,,null,,2021-09-06,,null
View: Walter Ong on Orality and Culture,,null,,2021-09-06,,null
Read: Digital Natives, Digital Immigrants ,,null,,2021-09-06,,null
Participation: Affordances, Gaming,,null,,2021-10-06,,null
Digital Artifact Refelection Response,,null,,2021-12-14,,null
TEAM MEMEBER EVALUATION FOR PROJECT 1,,null,,2021-11-15,,null
Project One,,null,,2021-11-15,,null
Midterm Exam,,null,,2021-10-14,,null
Planning Doc for Project One,,null,,2021-10-18,,null
In Class Participation: Culture and Tech PPT,,null,,2021-09-06,,null
In Class Participation: The Medium is the Message,,null,,2021-10-11,,null
In Class Participation: Digital Literacy,,null,,2021-09-27,,null
In Class Participation: Paradigm Shifts, Disruptive Tech,,null,,2021-09-20,,null
Participation: Study Guides ,,null,,2021-09-20,,null
Speech Manuscript: Audience/Purpose,,null,,2021-09-20,,null
POST Digital Artifact and Complete FINAL EXAM HERE! ,,null,,2021-12-14,,null
UNIT 1: Blog Posts,,null,,2020-10-18,,null
 Research Essay Test ,,null,,2021-11-22,,null
Parametric Equations (60861359),,null,,2021-11-29,,null
Parametric Equations (52599929),,null,,2021-12-01,,null
Parametric Equations and Calculus (90928608),,null,,2021-12-03,,null
Parametric Equations and Calculus (11347847),,null,,2021-12-06,,null
Applications of the Taylor Series (65156911),,null,,2021-11-22,,null
Taylor Series (56080920),,null,,2021-11-19,,null
Taylor Series Battleship,,null,,2021-11-19,,null
Task 5,,null,,2021-11-04,,null
Task 4,,null,,2021-11-04,,null
Task 3,,null,,2021-11-04,,null
Task 2,,null,,2021-11-04,,null
Series and Convergence (33393720),,null,,2021-10-18,,null
Escape Room - Kidnapped!,,null,,2021-11-04,,null
All the tests (42684680),,null,,2021-10-29,,null
Maze on Improper Integrals,,null,,2021-10-16,,null
Secret Phrase Partial Fractions,,null,,2021-10-14,,null
Partial Fractions (54272411),,null,,2021-10-08,,null
Trigonometric Circuit,,null,,2021-10-05,,null
Partial Fractions (60211201),,null,,2021-10-11,,null
Trig. Integration (38991374),,null,,2021-09-30,,null
Inverse Trig. (93889308),,null,,2021-09-15,,null
QR Code Integration By Parts,,null,,2021-09-30,,null
L'Hopital's Rule (35526527),,null,,2021-09-22,,null
Inverse Trig. (28087552),,null,,2021-09-13,,null
5.5 HW: U-Substitution,,null,,2021-09-06,,null
6.1 HW: Volumes of Solids Disks and Rings,,null,,2021-09-14,,null
6.2 HW: Volumes of Solids Cylinder Method,,null,,2021-09-14,,null
3.9 and 4.6 HW: Inverse Trig Functions,,null,,2021-09-20,,null
8.7 HW: Numerical Integration,,null,,2021-09-20,,null
4.5 HW: L'Hopital's Rule,,null,,2021-09-27,,null
8.2 HW: Integration by Parts,,null,,2021-10-04,,null
8.3 HW: Trig Integrals,,null,,2021-10-04,,null
8.4 HW: Trig Substitution,,null,,2021-10-11,,null
8.5 HW: Partial Fraction Integrations,,null,,2021-10-18,,null
8.8 HW: Improper Integrals,,null,,2021-11-01,,null
10.2 HW: Infinite Series,,null,,2021-11-01,,null
10.3 HW: Integral Test,,null,,2021-11-08,,null
10.5 HW: Ratio Test,,null,,2021-11-08,,null
10.7 HW: Power Series,,null,,2021-11-15,,null
10.8 HW: Taylor \u0026 Maclaurin Series,,null,,2021-11-29,,null
10.9 HW: Taylor \u0026 Maclaurin Series,,null,,2021-12-06,,null
10.10 HW: Taylor \u0026 Maclaurin Series,,null,,2021-12-06,,null
11.1 HW: Parametric Equations,,null,,2021-12-11,,null
11.2 HW: Calculus Parametric Curves,,null,,2021-12-11,,null
Quiz 1: U-Substitution,,null,,2021-09-06,,null
Quiz 2 : Volume Disks \u0026 Rings,,null,,2021-09-14,,null
Quiz 3 : Volume of Solids Cylinders,,null,,2021-09-14,,null
Quiz 4: Inverse Trig Functions,,null,,2021-09-20,,null
Quiz 5: L'Hospital's Rule,,null,,2021-09-27,,null
Quiz 6: Integration By Parts,,null,,2021-10-04,,null
Quiz 7: Trig Integrals,,null,,2021-10-04,,null
Quiz 8: Trig Substitution,,null,,2021-10-11,,null
Quiz 9: Improper Integrals,,null,,2021-11-01,,null
Quiz 10: Infinite Series,,null,,2021-11-01,,null
Quiz 11: Integral Test,,null,,2021-11-08,,null
Quiz 12: Ratio Test,,null,,2021-11-08,,null
Quiz 13: Taylor \u0026 Maclaurin Series (sec 10.8),,null,,2021-11-29,,null
Quiz 14: Taylor \u0026 Maclaurin Series (sec 10.9),,null,,2021-12-06,,null
Quiz 15: Taylor \u0026 Maclaurin Series (Sec 10.10),,null,,2021-12-06,,null
Quiz 16: Parametric Equations,,null,,2021-12-11,,null
Test 1 Review,,null,,2021-09-20,,null
Test 2 Review,,null,,2021-10-19,,null
Test 2 Pre-Req,,null,,2021-10-19,,null
Module 7 - Assignment: Show Work - Exam 2 BONUS,,null,,2021-10-19,,null
Module 7 - Assignment: Show Work - Exam 2,,null,,2021-10-19,,null
Test 3  Review,,null,,2021-11-13,,null
Test 4 (final exam) Review,,null,,2021-12-14,,null
Module 15 - Assignment: Show Work - Exam 4 (Final),,null,,2021-12-14,,null
Test 1,,null,,2021-09-21,,null
Test 2,,null,,2021-10-19,,null
Test 3,,null,,2021-11-13,,null
Test 4 (final),,null,,2021-12-14,,null
Lines and Planes in Space (43845506),,null,,2022-03-30,,null
Vectors in the Plane (41959585),,null,,2022-03-10,,null
Double and Iterated Integrals (10604615),,null,,2022-02-16,,null
Battleship on double integrals,,null,,2022-02-15,,null
Maximum and Minimum Values,,null,,2022-02-11,,null
Chain Rule Worksheet,,null,,2022-02-05,,null
Partial Derivatives (28100487),,null,,2022-01-31,,null
Quadric Surfaces Worksheet,,null,,2022-01-27,,null
3-D space (14607433),,null,,2022-01-21,,null
Who Dunnit,,null,,2022-03-12,,null
Escape Room,,null,,2022-03-31,,null
Task 2,,null,,2022-03-31,,null
Task 3,,null,,2022-03-31,,null
Task 4,,null,,2022-03-31,,null
Task 5,,null,,2022-03-31,,null
Task 5b,,null,,2022-03-31,,null
Parametric Equations and Projectile Functions,,null,,2022-04-09,,null
Final Exam Questions,,null,,2022-04-21,,null
Lagrange Multipliers Honors Project,,null,,2022-04-28,,null
Section 11.3 Enhanced Assignment,,null,,2022-01-26,,null
Section 11.4 Enhanced Assignment,,null,,2022-01-26,,null
Section 11.6 Enhanced Assignment,,null,,2022-02-02,,null
Section 12.1 Enhanced Assignment,,null,,2022-02-02,,null
Section 12.6 Enhanced Assignment,,null,,2022-02-09,,null
Section 14.1 Enhanced Assignment,,null,,2022-02-09,,null
Section 14.3 Enhanced Assignment,,null,,2022-02-09,,null
Section 14.4 Enhanced Assignment,,null,,2022-02-16,,null
Section 14.7 Enhanced Assignment,,null,,2022-02-16,,null
Section 15.1 Enhanced Assignment,,null,,2022-02-23,,null
Section 15.2 Enhanced Assignment,,null,,2022-03-02,,null
Section 15.3 Enhanced Assignment,,null,,2022-03-02,,null
Section 15.4 Enhanced Assignment,,null,,2022-03-09,,null
Section 15.5 Enhanced Assignment,,null,,2022-03-09,,null
Section 15.6 Enhanced Assignment,,null,,2022-03-09,,null
Section 15.7 Enhanced Assignment,,null,,2022-03-23,,null
Section 12.2 Enhanced Assignment,,null,,2022-03-23,,null
Section 12.3 Enhanced Assignment,,null,,2022-03-30,,null
Section 12.4 Enhanced Assignment,,null,,2022-04-06,,null
Section 12.5 Enhanced Assignment,,null,,2022-04-06,,null
Section 13.1 Enhanced Assignment,,null,,2022-04-13,,null
Section 13.2 Enhanced Assignment,,null,,2022-04-13,,null
Section 13.3 Enhanced Assignment,,null,,2022-04-13,,null
Section 14.5 Enhanced Assignment,,null,,2022-04-20,,null
Section 16.1 Enhanced Assignment,,null,,2022-04-27,,null
Section 16.4 Enhanced Assignment,,null,,2022-04-29,,null
Section 16.5 Enhanced Assignment,,null,,2022-04-29,,null
Section 16.6 Enhanced Assignment,,null,,2022-04-29,,null
Quiz 1,,null,,2022-01-21,,null
Quiz 2,,null,,2022-01-25,,null
Quiz 3,,null,,2022-02-01,,null
Quiz 4,,null,,2022-02-08,,null
Quiz 5,,null,,2022-02-15,,null
Quiz 6,,null,,2022-02-23,,null
Quiz 7,,null,,2022-03-01,,null
Quiz 8,,null,,2022-03-08,,null
Quiz 9,,null,,2022-03-22,,null
Quiz 10,,null,,2022-03-29,,null
Quiz 11,,null,,2022-04-05,,null
Quiz 12,,null,,2022-04-12,,null
Quiz 13,,null,,2022-04-19,,null
Quiz 14,,null,,2022-04-26,,null
Practice Test 1,,null,,2022-02-18,,null
Practice Test 2,,null,,2022-03-26,,null
Practice Test 3,,null,,2022-04-15,,null
Test 1,,null,,2022-02-18,,null
Test 2,,null,,2022-03-25,,null
Test 3,,null,,2022-04-15,,null
Student information sheet,,null,,2022-01-15,,null
Project idea description,,null,,2022-01-24,,null
Conceptual Model,,null,,2022-02-24,,null
Peer evaluation sprint 2,,null,,2022-02-26,,null
Sprint four presentation,,null,,2022-03-23,,null
Software Document Second Draft,,null,,2022-04-11,,null
10 extra points for exams,,null,,2022-04-23,,null
Project proposal submission,,null,,2022-02-10,,null
Sprint two presentation,,null,,2022-02-23,,null
snap check of scrumwise backlog and burndown chart (4/6/22),,null,,2022-04-25,,null
peer evaluation sprint 4,,null,,2022-03-27,,null
software document first draft,,null,,2022-03-25,,null
Project video,,null,,2022-04-20,,null
Software document final version,,null,,2022-04-29,,null
Final Peer evaluation,,null,,2022-04-29,,null
Final presentation,,null,,2022-04-21,,null
